<?xml version="1.0" encoding="UTF-8"?><?xml-stylesheet type='text/xsl' href='_UpgradeReport_Files/UpgradeReport.xslt'?><UpgradeLog>
<Properties><Property Name="Solution" Value="MailSent">
</Property><Property Name="Solution File" Value="F:\测试学习项目\邮件发送项目\MailSent\MailSent\MailSent.sln">
</Property><Property Name="User Options File" Value="F:\测试学习项目\邮件发送项目\MailSent\MailSent\MailSent.suo">
</Property><Property Name="Date" Value="2012年4月1日">
</Property><Property Name="Time" Value="15:37">
</Property></Properties><Event ErrorLevel="0" Project="" Source="MailSent.sln" Description="File successfully backed up as F:\测试学习项目\邮件发送项目\MailSent\MailSent\Backup\MailSent.sln">
</Event><Event ErrorLevel="0" Project="" Source="MailSent.suo" Description="File successfully backed up as F:\测试学习项目\邮件发送项目\MailSent\MailSent\Backup\MailSent.suo">
</Event><Event ErrorLevel="0" Project="MailSent" Source="MailSent\MailSent.csproj" Description="Project file successfully backed up as F:\测试学习项目\邮件发送项目\MailSent\MailSent\Backup\MailSent\MailSent.csproj">
</Event><Event ErrorLevel="0" Project="MailSent" Source="MailSent\MailSent.csproj.user" Description="Project user file successfully backed up as F:\测试学习项目\邮件发送项目\MailSent\MailSent\Backup\MailSent\MailSent.csproj.user">
</Event><Event ErrorLevel="0" Project="MailSent" Source="MailSent\Email.cs" Description="File successfully backed up as F:\测试学习项目\邮件发送项目\MailSent\MailSent\Backup\MailSent\Email.cs">
</Event><Event ErrorLevel="0" Project="MailSent" Source="MailSent\Form1.cs" Description="File successfully backed up as F:\测试学习项目\邮件发送项目\MailSent\MailSent\Backup\MailSent\Form1.cs">
</Event><Event ErrorLevel="0" Project="MailSent" Source="MailSent\Form1.Designer.cs" Description="File successfully backed up as F:\测试学习项目\邮件发送项目\MailSent\MailSent\Backup\MailSent\Form1.Designer.cs">
</Event><Event ErrorLevel="0" Project="MailSent" Source="MailSent\Program.cs" Description="File successfully backed up as F:\测试学习项目\邮件发送项目\MailSent\MailSent\Backup\MailSent\Program.cs">
</Event><Event ErrorLevel="0" Project="MailSent" Source="MailSent\Properties\AssemblyInfo.cs" Description="File successfully backed up as F:\测试学习项目\邮件发送项目\MailSent\MailSent\Backup\MailSent\Properties\AssemblyInfo.cs">
</Event><Event ErrorLevel="0" Project="MailSent" Source="MailSent\Properties\Resources.Designer.cs" Description="File successfully backed up as F:\测试学习项目\邮件发送项目\MailSent\MailSent\Backup\MailSent\Properties\Resources.Designer.cs">
</Event><Event ErrorLevel="0" Project="MailSent" Source="MailSent\Properties\Settings.Designer.cs" Description="File successfully backed up as F:\测试学习项目\邮件发送项目\MailSent\MailSent\Backup\MailSent\Properties\Settings.Designer.cs">
</Event><Event ErrorLevel="0" Project="MailSent" Source="MailSent\app.config" Description="File successfully backed up as F:\测试学习项目\邮件发送项目\MailSent\MailSent\Backup\MailSent\app.config">
</Event><Event ErrorLevel="0" Project="MailSent" Source="MailSent\MailSent_TemporaryKey.pfx" Description="File successfully backed up as F:\测试学习项目\邮件发送项目\MailSent\MailSent\Backup\MailSent\MailSent_TemporaryKey.pfx">
</Event><Event ErrorLevel="0" Project="MailSent" Source="MailSent\Properties\Settings.settings" Description="File successfully backed up as F:\测试学习项目\邮件发送项目\MailSent\MailSent\Backup\MailSent\Properties\Settings.settings">
</Event><Event ErrorLevel="0" Project="MailSent" Source="MailSent\Form1.resx" Description="File successfully backed up as F:\测试学习项目\邮件发送项目\MailSent\MailSent\Backup\MailSent\Form1.resx">
</Event><Event ErrorLevel="0" Project="MailSent" Source="MailSent\Properties\Resources.resx" Description="File successfully backed up as F:\测试学习项目\邮件发送项目\MailSent\MailSent\Backup\MailSent\Properties\Resources.resx">
</Event><Event ErrorLevel="0" Project="MailSent" Source="MailSent\MailSent.csproj" Description="Project converted successfully">
</Event><Event ErrorLevel="3" Project="MailSent" Source="MailSent\MailSent.csproj" Description="Converted">
</Event><Event ErrorLevel="0" Project="" Source="MailSent.sln" Description="Solution converted successfully">
</Event><Event ErrorLevel="3" Project="" Source="MailSent.sln" Description="Converted">
</Event><Event ErrorLevel="0" Project="MailSent" Source="MailSent\MailSent.csproj" Description="Scan complete: Upgrade not required for project files.">
</Event></UpgradeLog>